vehicle_class,non_election_mean,election_mean
Category A,55107.86923076923,49221.86363636364
Category B,68731.93478260869,61781.642857142855
Category E,72304.16723549488,75699.12222222223
