feature,vif
log_bids,1731.1642685149934
log_quota,1637.9010463254708
log_rsi_mv,722.9015537131016
log_cpi_pt,228.83639051204153
class_Category E,5.66545692597075
class_Category B,2.191138311789494
